Equipos,Victorias Locales,Victorias Visitantes,Empates Locales,Empates Visitantes,Derrotas Locales,Derrotas Visitantes,Victorias Totales,Empates Totales,Derrotas Totales,Partidos Totales,Porcentage Victoria,Porcentage Empate,Porcentage Derrota
Bayern München,26.0,26.0,4.0,5.0,4.0,6,52.0,9.0,10.0,71.0,73.23943661971832,12.676056338028168,14.084507042253522
Real Madrid,25.0,24.0,7.0,5.0,7.0,11,49.0,12.0,18.0,79.0,62.0253164556962,15.18987341772152,22.78481012658228
Paris Saint-Germain,19.0,16.0,5.0,6.0,7.0,10,35.0,11.0,17.0,63.0,55.55555555555556,17.46031746031746,26.984126984126984
Borussia Dortmund,14.0,10.0,8.0,3.0,6.0,15,24.0,11.0,21.0,56.0,42.85714285714285,19.642857142857142,37.5
