HOME_TEAM,Goles a favor,Goles en contra,Partidos jugados,Victorias,Empates,Derrotas,Porcentaje Victoria,Porcentaje Empate,Porcentaje Derrota,cluster
Bayern München,3.628676210746693,1.3989501367706434,2.458466252605824,3.4420709542209966,1.0398586045412102,0.3226960943067533,2.4416076575466272,-0.7745066525625337,-1.6029115421023243,2
Real Madrid,3.2153162594372926,2.842430724360361,2.862172289875833,3.2032083791060164,1.7727709944889305,1.895839554052176,1.86082232841082,-0.5744390536639168,-1.169288132934394,2
Paris Saint-Germain,2.503418565515548,1.8951465887546088,2.054760215335815,2.088516361902776,1.528466864506357,1.5812108621030914,1.525749923366209,-0.3937408271679582,-1.014882237740788,2
Borussia Dortmund,1.4011253620238142,1.9402553571167875,1.7015174327245568,1.212686919814515,1.528466864506357,3.154354321848514,0.8680922836513194,-0.220038660326157,-0.1503286106580324,2
